x-axis,1,2,3
second,Volt,Volt,Volt
-7.6200E-03,+3.2500000E+00,+2.1750000E+00,+2.2437501E+00
-7.6100E-03,+3.2812500E+00,+2.2375000E+00,+2.4625001E+00
-7.6000E-03,+3.2500000E+00,+2.3937500E+00,+2.7125001E+00
-7.5900E-03,+3.2812500E+00,+2.5812500E+00,+2.9937501E+00
-7.5800E-03,+3.2500000E+00,+2.7687500E+00,+3.1812501E+00
-7.5700E-03,+3.2187500E+00,+2.9875000E+00,+3.3687501E+00
-7.5600E-03,+3.1875000E+00,+3.1750000E+00,+3.4625001E+00
-7.5500E-03,+3.1562500E+00,+3.3000000E+00,+3.5562501E+00
-7.5400E-03,+3.0937500E+00,+3.4250000E+00,+3.5250001E+00
-7.5300E-03,+3.0625000E+00,+3.4875000E+00,+3.5875001E+00
-7.5200E-03,+3.0312500E+00,+3.4562500E+00,+3.4625001E+00
-7.5100E-03,+2.9687500E+00,+3.4250000E+00,+3.4000001E+00
-7.5000E-03,+2.9687500E+00,+3.4250000E+00,+3.3062501E+00
-7.4900E-03,+2.8750000E+00,+3.3312500E+00,+3.1812501E+00
-7.4800E-03,+2.7812500E+00,+3.2375000E+00,+3.0250001E+00
-7.4700E-03,+2.7187500E+00,+3.1437500E+00,+2.9000001E+00
-7.4600E-03,+2.6562500E+00,+2.9875000E+00,+2.8062501E+00
-7.4500E-03,+2.5312500E+00,+2.8625000E+00,+2.6812501E+00
-7.4400E-03,+2.5000000E+00,+2.7687500E+00,+2.6187501E+00
-7.4300E-03,+2.4062500E+00,+2.6437500E+00,+2.4625001E+00
-7.4200E-03,+2.3437500E+00,+2.5500000E+00,+2.4000001E+00
-7.4100E-03,+2.2187500E+00,+2.4875000E+00,+2.2750001E+00
-7.4000E-03,+2.1562500E+00,+2.3625000E+00,+2.1812501E+00
-7.3900E-03,+2.0625000E+00,+2.2687500E+00,+2.1500001E+00
-7.3800E-03,+1.9375000E+00,+2.1750000E+00,+2.0250001E+00
-7.3700E-03,+1.8750000E+00,+2.1125000E+00,+1.9625001E+00
-7.3600E-03,+1.8437500E+00,+2.0500000E+00,+1.9000001E+00
-7.3500E-03,+1.7812500E+00,+1.9875000E+00,+1.8375001E+00
-7.3400E-03,+1.6875000E+00,+1.8937500E+00,+1.7750001E+00
-7.3300E-03,+1.6562500E+00,+1.8000000E+00,+1.6500001E+00
-7.3200E-03,+1.5625000E+00,+1.7375000E+00,+1.6187501E+00
-7.3100E-03,+1.5625000E+00,+1.6750000E+00,+1.5875001E+00
-7.3000E-03,+1.5000000E+00,+1.6125000E+00,+1.5250001E+00
-7.2900E-03,+1.5000000E+00,+1.5812500E+00,+1.4625001E+00
-7.2800E-03,+1.5000000E+00,+1.5500000E+00,+1.4625001E+00
-7.2700E-03,+1.4687500E+00,+1.5187500E+00,+1.4625001E+00
-7.2600E-03,+1.5000000E+00,+1.4562500E+00,+1.4312501E+00
-7.2500E-03,+1.5312500E+00,+1.4562500E+00,+1.4625001E+00
-7.2400E-03,+1.5937500E+00,+1.4562500E+00,+1.4937501E+00
-7.2300E-03,+1.6562500E+00,+1.4562500E+00,+1.5250001E+00
-7.2200E-03,+1.7187500E+00,+1.4875000E+00,+1.5250001E+00
-7.2100E-03,+1.7812500E+00,+1.5187500E+00,+1.5875001E+00
-7.2000E-03,+1.9375000E+00,+1.5500000E+00,+1.7125001E+00
-7.1900E-03,+1.9687500E+00,+1.6125000E+00,+1.7750001E+00
-7.1800E-03,+2.0937500E+00,+1.7062500E+00,+1.9000001E+00
-7.1700E-03,+2.2187500E+00,+1.8625000E+00,+2.0250001E+00
-7.1600E-03,+2.3125000E+00,+1.9562500E+00,+2.1500001E+00
-7.1500E-03,+2.4687500E+00,+2.0500000E+00,+2.2750001E+00
-7.1400E-03,+2.5625000E+00,+2.1750000E+00,+2.3687501E+00
-7.1300E-03,+2.7187500E+00,+2.3000000E+00,+2.5250001E+00
-7.1200E-03,+2.7812500E+00,+2.4562500E+00,+2.6812501E+00
-7.1100E-03,+2.9062500E+00,+2.5812500E+00,+2.8375001E+00
-7.1000E-03,+3.0000000E+00,+2.7062500E+00,+2.9625001E+00
-7.0900E-03,+3.0937500E+00,+2.8625000E+00,+3.0875001E+00
-7.0800E-03,+3.2187500E+00,+2.9875000E+00,+3.2125001E+00
-7.0700E-03,+3.2187500E+00,+3.1125000E+00,+3.3062501E+00
-7.0600E-03,+3.3125000E+00,+3.2062500E+00,+3.4000001E+00
-7.0500E-03,+3.3125000E+00,+3.3000000E+00,+3.4625001E+00
-7.0400E-03,+3.3750000E+00,+3.3625000E+00,+3.5250001E+00
-7.0300E-03,+3.3125000E+00,+3.4562500E+00,+3.5250001E+00
-7.0200E-03,+3.2500000E+00,+3.4875000E+00,+3.5250001E+00
-7.0100E-03,+3.2500000E+00,+3.5187500E+00,+3.5250001E+00
-7.0000E-03,+3.1562500E+00,+3.4875000E+00,+3.4312501E+00
-6.9900E-03,+3.0625000E+00,+3.4875000E+00,+3.3687501E+00
-6.9800E-03,+2.9687500E+00,+3.4250000E+00,+3.3062501E+00
-6.9700E-03,+2.8437500E+00,+3.3625000E+00,+3.2125001E+00
-6.9600E-03,+2.7187500E+00,+3.2687500E+00,+3.0250001E+00
-6.9500E-03,+2.5937500E+00,+3.1750000E+00,+2.9000001E+00
-6.9400E-03,+2.3750000E+00,+2.9875000E+00,+2.7125001E+00
-6.9300E-03,+2.2812500E+00,+2.8312500E+00,+2.5562501E+00
-6.9200E-03,+2.1562500E+00,+2.6750000E+00,+2.3687501E+00
-6.9100E-03,+1.9687500E+00,+2.5187500E+00,+2.2125001E+00
-6.9000E-03,+1.8437500E+00,+2.3312500E+00,+1.9937501E+00
-6.8900E-03,+1.7500000E+00,+2.1750000E+00,+1.8375001E+00
-6.8800E-03,+1.6250000E+00,+1.9875000E+00,+1.6812501E+00
-6.8700E-03,+1.5625000E+00,+1.8625000E+00,+1.5875001E+00
-6.8600E-03,+1.4687500E+00,+1.7062500E+00,+1.4312501E+00
-6.8500E-03,+1.5312500E+00,+1.5812500E+00,+1.3375001E+00
-6.8400E-03,+1.5312500E+00,+1.4562500E+00,+1.3375001E+00
-6.8300E-03,+1.5312500E+00,+1.3937500E+00,+1.2750001E+00
-6.8200E-03,+1.5625000E+00,+1.3625000E+00,+1.2750001E+00
-6.8100E-03,+1.6875000E+00,+1.3312500E+00,+1.3375001E+00
-6.8000E-03,+1.7812500E+00,+1.3625000E+00,+1.4000001E+00
-6.7900E-03,+1.9375000E+00,+1.3937500E+00,+1.5250001E+00
-6.7800E-03,+2.0625000E+00,+1.4875000E+00,+1.6500001E+00
-6.7700E-03,+2.2187500E+00,+1.6125000E+00,+1.8375001E+00
-6.7600E-03,+2.4062500E+00,+1.7375000E+00,+1.9937501E+00
-6.7500E-03,+2.5625000E+00,+1.9250000E+00,+2.1812501E+00
-6.7400E-03,+2.6875000E+00,+2.0812500E+00,+2.4625001E+00
-6.7300E-03,+2.8750000E+00,+2.2062500E+00,+2.6500001E+00
-6.7200E-03,+3.0312500E+00,+2.4875000E+00,+2.8687501E+00
-6.7100E-03,+3.1562500E+00,+2.6750000E+00,+3.0562501E+00
-6.7000E-03,+3.2187500E+00,+2.8937500E+00,+3.2437501E+00
-6.6900E-03,+3.3125000E+00,+3.0500000E+00,+3.4000001E+00
-6.6800E-03,+3.3437500E+00,+3.2062500E+00,+3.5250001E+00
-6.6700E-03,+3.3437500E+00,+3.3625000E+00,+3.5875001E+00
-6.6600E-03,+3.3437500E+00,+3.4562500E+00,+3.6500001E+00
-6.6500E-03,+3.2500000E+00,+3.5500000E+00,+3.6812501E+00
-6.6400E-03,+3.1562500E+00,+3.5812500E+00,+3.6500001E+00
-6.6300E-03,+3.0000000E+00,+3.5812500E+00,+3.5562501E+00
-6.6200E-03,+2.8125000E+00,+3.5187500E+00,+3.4000001E+00
-6.6100E-03,+2.7187500E+00,+3.3937500E+00,+3.2437501E+00
-6.6000E-03,+2.5312500E+00,+3.3000000E+00,+3.0250001E+00
-6.5900E-03,+2.3125000E+00,+3.1437500E+00,+2.8062501E+00
-6.5800E-03,+2.1250000E+00,+2.9875000E+00,+2.5875001E+00
-6.5700E-03,+1.9687500E+00,+2.7375000E+00,+2.3375001E+00
-6.5600E-03,+1.8437500E+00,+2.5187500E+00,+2.0875001E+00
-6.5500E-03,+1.6875000E+00,+2.2687500E+00,+1.8687501E+00
-6.5400E-03,+1.5937500E+00,+2.0812500E+00,+1.6500001E+00
-6.5300E-03,+1.5312500E+00,+1.8312500E+00,+1.4937501E+00
-6.5200E-03,+1.4687500E+00,+1.6437500E+00,+1.3687501E+00
-6.5100E-03,+1.4687500E+00,+1.5187500E+00,+1.2437501E+00
-6.5000E-03,+1.5312500E+00,+1.3625000E+00,+1.1812501E+00
-6.4900E-03,+1.6562500E+00,+1.3312500E+00,+1.2125001E+00
-6.4800E-03,+1.8125000E+00,+1.2687500E+00,+1.2750001E+00
-6.4700E-03,+1.9375000E+00,+1.3000000E+00,+1.4000001E+00
-6.4600E-03,+2.0937500E+00,+1.3625000E+00,+1.5250001E+00
-6.4500E-03,+2.3437500E+00,+1.4250000E+00,+1.7437501E+00
-6.4400E-03,+2.5000000E+00,+1.6125000E+00,+1.9625001E+00
-6.4300E-03,+2.6562500E+00,+1.8312500E+00,+2.1812501E+00
-6.4200E-03,+2.8750000E+00,+2.0500000E+00,+2.5250001E+00
-6.4100E-03,+3.0312500E+00,+2.3312500E+00,+2.7437501E+00
-6.4000E-03,+3.1875000E+00,+2.5500000E+00,+2.9937501E+00
-6.3900E-03,+3.2812500E+00,+2.8000000E+00,+3.2437501E+00
-6.3800E-03,+3.2812500E+00,+3.0500000E+00,+3.4625001E+00
-6.3700E-03,+3.3125000E+00,+3.2375000E+00,+3.6187501E+00
-6.3600E-03,+3.3125000E+00,+3.4250000E+00,+3.7125001E+00
-6.3500E-03,+3.2187500E+00,+3.5500000E+00,+3.7437501E+00
-6.3400E-03,+3.0625000E+00,+3.6125000E+00,+3.7125001E+00
-6.3300E-03,+2.9062500E+00,+3.6125000E+00,+3.6187501E+00
-6.3200E-03,+2.7500000E+00,+3.5812500E+00,+3.4937501E+00
-6.3100E-03,+2.5312500E+00,+3.4875000E+00,+3.2750001E+00
-6.3000E-03,+2.3437500E+00,+3.3625000E+00,+3.0250001E+00
-6.2900E-03,+2.1250000E+00,+3.1750000E+00,+2.7750001E+00
-6.2800E-03,+1.9687500E+00,+2.9250000E+00,+2.4937501E+00
-6.2700E-03,+1.7500000E+00,+2.6750000E+00,+2.1812501E+00
-6.2600E-03,+1.6250000E+00,+2.3937500E+00,+1.8687501E+00
-6.2500E-03,+1.5312500E+00,+2.1437500E+00,+1.6187501E+00
-6.2400E-03,+1.4687500E+00,+1.8625000E+00,+1.4000001E+00
-6.2300E-03,+1.5000000E+00,+1.6437500E+00,+1.2437501E+00
-6.2200E-03,+1.5625000E+00,+1.4562500E+00,+1.1812501E+00
-6.2100E-03,+1.6875000E+00,+1.3000000E+00,+1.1187501E+00
-6.2000E-03,+1.8125000E+00,+1.2062500E+00,+1.2125001E+00
-6.1900E-03,+2.0000000E+00,+1.2687500E+00,+1.2750001E+00
-6.1800E-03,+2.1875000E+00,+1.3000000E+00,+1.4625001E+00
-6.1700E-03,+2.4062500E+00,+1.3937500E+00,+1.7125001E+00
-6.1600E-03,+2.6562500E+00,+1.6125000E+00,+1.9625001E+00
-6.1500E-03,+2.9062500E+00,+1.8000000E+00,+2.2750001E+00
-6.1400E-03,+3.0625000E+00,+2.0812500E+00,+2.5562501E+00
-6.1300E-03,+3.1562500E+00,+2.3312500E+00,+2.8687501E+00
-6.1200E-03,+3.2812500E+00,+2.6437500E+00,+3.1812501E+00
-6.1100E-03,+3.3437500E+00,+2.9250000E+00,+3.4000001E+00
-6.1000E-03,+3.3125000E+00,+3.2062500E+00,+3.6187501E+00
-6.0900E-03,+3.2500000E+00,+3.3937500E+00,+3.7125001E+00
-6.0800E-03,+3.1562500E+00,+3.5500000E+00,+3.7750001E+00
-6.0700E-03,+3.0000000E+00,+3.6125000E+00,+3.7437501E+00
-6.0600E-03,+2.7812500E+00,+3.6437500E+00,+3.6187501E+00
-6.0500E-03,+2.5937500E+00,+3.6125000E+00,+3.4625001E+00
-6.0400E-03,+2.3125000E+00,+3.4562500E+00,+3.1812501E+00
-6.0300E-03,+2.0937500E+00,+3.3000000E+00,+2.9312501E+00
-6.0200E-03,+1.9062500E+00,+3.0812500E+00,+2.5875001E+00
-6.0100E-03,+1.7187500E+00,+2.8000000E+00,+2.2437501E+00
-6.0000E-03,+1.6250000E+00,+2.5187500E+00,+1.9312501E+00
-5.9900E-03,+1.5312500E+00,+2.2062500E+00,+1.6500001E+00
-5.9800E-03,+1.5000000E+00,+1.8937500E+00,+1.3687501E+00
-5.9700E-03,+1.5625000E+00,+1.6750000E+00,+1.2125001E+00
-5.9600E-03,+1.6562500E+00,+1.4250000E+00,+1.1500001E+00
-5.9500E-03,+1.7812500E+00,+1.3312500E+00,+1.1187501E+00
-5.9400E-03,+1.9375000E+00,+1.2375000E+00,+1.1500001E+00
-5.9300E-03,+2.1875000E+00,+1.2375000E+00,+1.3375001E+00
-5.9200E-03,+2.4375000E+00,+1.3312500E+00,+1.5562501E+00
-5.9100E-03,+2.6875000E+00,+1.4875000E+00,+1.8375001E+00
-5.9000E-03,+2.9062500E+00,+1.6750000E+00,+2.1500001E+00
-5.8900E-03,+3.0625000E+00,+1.9875000E+00,+2.5250001E+00
-5.8800E-03,+3.2187500E+00,+2.2687500E+00,+2.8062501E+00
-5.8700E-03,+3.3125000E+00,+2.5500000E+00,+3.1500001E+00
-5.8600E-03,+3.3437500E+00,+2.8937500E+00,+3.4000001E+00
-5.8500E-03,+3.2812500E+00,+3.1437500E+00,+3.6187501E+00
-5.8400E-03,+3.2187500E+00,+3.4250000E+00,+3.7750001E+00
-5.8300E-03,+3.0312500E+00,+3.5500000E+00,+3.8062501E+00
-5.8200E-03,+2.8125000E+00,+3.5812500E+00,+3.7125001E+00
-5.8100E-03,+2.5937500E+00,+3.6125000E+00,+3.5562501E+00
-5.8000E-03,+2.3125000E+00,+3.5500000E+00,+3.3375001E+00
-5.7900E-03,+2.0625000E+00,+3.4250000E+00,+3.0250001E+00
-5.7800E-03,+1.8750000E+00,+3.1437500E+00,+2.7125001E+00
-5.7700E-03,+1.7187500E+00,+2.9250000E+00,+2.3687501E+00
-5.7600E-03,+1.5937500E+00,+2.6125000E+00,+1.9625001E+00
-5.7500E-03,+1.4375000E+00,+2.2687500E+00,+1.6812501E+00
-5.7400E-03,+1.5312500E+00,+1.9562500E+00,+1.4312501E+00
-5.7300E-03,+1.5625000E+00,+1.6750000E+00,+1.2437501E+00
-5.7200E-03,+1.6875000E+00,+1.4875000E+00,+1.1187501E+00
-5.7100E-03,+1.8750000E+00,+1.3312500E+00,+1.0875001E+00
-5.7000E-03,+2.1562500E+00,+1.2687500E+00,+1.2125001E+00
-5.6900E-03,+2.3750000E+00,+1.2687500E+00,+1.4000001E+00
-5.6800E-03,+2.6562500E+00,+1.3937500E+00,+1.6812501E+00
-5.6700E-03,+2.8750000E+00,+1.5812500E+00,+1.9625001E+00
-5.6600E-03,+3.0937500E+00,+1.8312500E+00,+2.3375001E+00
-5.6500E-03,+3.2187500E+00,+2.1437500E+00,+2.7125001E+00
-5.6400E-03,+3.3125000E+00,+2.4562500E+00,+3.0562501E+00
-5.6300E-03,+3.3125000E+00,+2.7687500E+00,+3.3375001E+00
-5.6200E-03,+3.2812500E+00,+3.0812500E+00,+3.6187501E+00
-5.6100E-03,+3.1250000E+00,+3.2687500E+00,+3.7437501E+00
-5.6000E-03,+2.9687500E+00,+3.5187500E+00,+3.7437501E+00
-5.5900E-03,+2.7187500E+00,+3.5812500E+00,+3.7125001E+00
-5.5800E-03,+2.4687500E+00,+3.6125000E+00,+3.5562501E+00
-5.5700E-03,+2.2187500E+00,+3.5187500E+00,+3.2750001E+00
-5.5600E-03,+1.9687500E+00,+3.3625000E+00,+2.9625001E+00
-5.5500E-03,+1.7500000E+00,+3.0812500E+00,+2.6187501E+00
-5.5400E-03,+1.6250000E+00,+2.8312500E+00,+2.2750001E+00
-5.5300E-03,+1.5312500E+00,+2.5187500E+00,+1.9000001E+00
-5.5200E-03,+1.5000000E+00,+2.1437500E+00,+1.5875001E+00
-5.5100E-03,+1.6250000E+00,+1.8625000E+00,+1.3375001E+00
-5.5000E-03,+1.7187500E+00,+1.6125000E+00,+1.1812501E+00
-5.4900E-03,+1.9375000E+00,+1.3937500E+00,+1.1500001E+00
-5.4800E-03,+2.1875000E+00,+1.3000000E+00,+1.2437501E+00
-5.4700E-03,+2.4375000E+00,+1.3000000E+00,+1.3687501E+00
-5.4600E-03,+2.6562500E+00,+1.3937500E+00,+1.6500001E+00
-5.4500E-03,+2.9375000E+00,+1.5812500E+00,+1.9312501E+00
-5.4400E-03,+3.1562500E+00,+1.8000000E+00,+2.2750001E+00
-5.4300E-03,+3.2812500E+00,+2.0812500E+00,+2.6812501E+00
-5.4200E-03,+3.3125000E+00,+2.4250000E+00,+3.0562501E+00
-5.4100E-03,+3.3125000E+00,+2.7375000E+00,+3.3375001E+00
-5.4000E-03,+3.2187500E+00,+3.0500000E+00,+3.5562501E+00
-5.3900E-03,+3.0312500E+00,+3.2687500E+00,+3.7125001E+00
-5.3800E-03,+2.8437500E+00,+3.4250000E+00,+3.7125001E+00
-5.3700E-03,+2.5312500E+00,+3.5500000E+00,+3.6500001E+00
-5.3600E-03,+2.2812500E+00,+3.5812500E+00,+3.4312501E+00
-5.3500E-03,+2.0312500E+00,+3.4562500E+00,+3.1500001E+00
-5.3400E-03,+1.8125000E+00,+3.2687500E+00,+2.7750001E+00
-5.3300E-03,+1.5937500E+00,+2.9562500E+00,+2.4312501E+00
-5.3200E-03,+1.5312500E+00,+2.6437500E+00,+2.0562501E+00
-5.3100E-03,+1.5000000E+00,+2.3000000E+00,+1.7437501E+00
-5.3000E-03,+1.5937500E+00,+1.9875000E+00,+1.4312501E+00
-5.2900E-03,+1.7500000E+00,+1.6750000E+00,+1.2437501E+00
-5.2800E-03,+1.9375000E+00,+1.4875000E+00,+1.1500001E+00
-5.2700E-03,+2.2187500E+00,+1.3625000E+00,+1.2125001E+00
-5.2600E-03,+2.4687500E+00,+1.3625000E+00,+1.3687501E+00
-5.2500E-03,+2.7500000E+00,+1.4250000E+00,+1.6500001E+00
-5.2400E-03,+3.0000000E+00,+1.5812500E+00,+1.9312501E+00
-5.2300E-03,+3.1875000E+00,+1.8000000E+00,+2.3062501E+00
-5.2200E-03,+3.2500000E+00,+2.0812500E+00,+2.7125001E+00
-5.2100E-03,+3.2812500E+00,+2.4250000E+00,+3.0562501E+00
-5.2000E-03,+3.2500000E+00,+2.7687500E+00,+3.3687501E+00
-5.1900E-03,+3.1250000E+00,+3.0812500E+00,+3.5875001E+00
-5.1800E-03,+2.9375000E+00,+3.3000000E+00,+3.6812501E+00
-5.1700E-03,+2.6562500E+00,+3.4562500E+00,+3.6500001E+00
-5.1600E-03,+2.3750000E+00,+3.5187500E+00,+3.5562501E+00
-5.1500E-03,+2.0625000E+00,+3.5187500E+00,+3.3062501E+00
-5.1400E-03,+1.8750000E+00,+3.3625000E+00,+2.9937501E+00
-5.1300E-03,+1.6562500E+00,+3.0812500E+00,+2.6187501E+00
-5.1200E-03,+1.5000000E+00,+2.7687500E+00,+2.2125001E+00
-5.1100E-03,+1.5000000E+00,+2.4875000E+00,+1.8375001E+00
-5.1000E-03,+1.6250000E+00,+2.1437500E+00,+1.5562501E+00
-5.0900E-03,+1.7187500E+00,+1.8312500E+00,+1.3375001E+00
-5.0800E-03,+1.9375000E+00,+1.6437500E+00,+1.2437501E+00
-5.0700E-03,+2.1875000E+00,+1.4250000E+00,+1.2125001E+00
-5.0600E-03,+2.4687500E+00,+1.3937500E+00,+1.3687501E+00
-5.0500E-03,+2.8125000E+00,+1.4250000E+00,+1.5875001E+00
-5.0400E-03,+3.0312500E+00,+1.6125000E+00,+1.9312501E+00
-5.0300E-03,+3.1562500E+00,+1.8000000E+00,+2.2750001E+00
-5.0200E-03,+3.2812500E+00,+2.0812500E+00,+2.6812501E+00
-5.0100E-03,+3.3125000E+00,+2.4250000E+00,+2.9937501E+00
-5.0000E-03,+3.2187500E+00,+2.7062500E+00,+3.3062501E+00
-4.9900E-03,+3.0625000E+00,+3.0500000E+00,+3.5250001E+00
-4.9800E-03,+2.8750000E+00,+3.2375000E+00,+3.6500001E+00
-4.9700E-03,+2.5625000E+00,+3.4250000E+00,+3.6187501E+00
-4.9600E-03,+2.2812500E+00,+3.4562500E+00,+3.4000001E+00
-4.9500E-03,+1.9375000E+00,+3.3937500E+00,+3.2125001E+00
-4.9400E-03,+1.7500000E+00,+3.2375000E+00,+2.8375001E+00
-4.9300E-03,+1.5937500E+00,+2.9875000E+00,+2.4625001E+00
-4.9200E-03,+1.5000000E+00,+2.6750000E+00,+2.1187501E+00
-4.9100E-03,+1.5312500E+00,+2.3625000E+00,+1.7437501E+00
-4.9000E-03,+1.6250000E+00,+2.0812500E+00,+1.4625001E+00
-4.8900E-03,+1.8750000E+00,+1.8000000E+00,+1.3375001E+00
-4.8800E-03,+2.1250000E+00,+1.5812500E+00,+1.2750001E+00
-4.8700E-03,+2.4062500E+00,+1.4875000E+00,+1.3375001E+00
-4.8600E-03,+2.7187500E+00,+1.4562500E+00,+1.5250001E+00
-4.8500E-03,+2.9687500E+00,+1.5500000E+00,+1.8375001E+00
-4.8400E-03,+3.1875000E+00,+1.7687500E+00,+2.2125001E+00
-4.8300E-03,+3.2812500E+00,+2.0187500E+00,+2.5250001E+00
-4.8200E-03,+3.3437500E+00,+2.3312500E+00,+2.9312501E+00
-4.8100E-03,+3.2500000E+00,+2.6750000E+00,+3.2437501E+00
-4.8000E-03,+3.0625000E+00,+2.9250000E+00,+3.4625001E+00
-4.7900E-03,+2.8437500E+00,+3.1750000E+00,+3.5875001E+00
-4.7800E-03,+2.5312500E+00,+3.3625000E+00,+3.5250001E+00
-4.7700E-03,+2.2500000E+00,+3.4250000E+00,+3.4312501E+00
-4.7600E-03,+1.9687500E+00,+3.3625000E+00,+3.1812501E+00
-4.7500E-03,+1.6875000E+00,+3.2375000E+00,+2.8375001E+00
-4.7400E-03,+1.5625000E+00,+2.9875000E+00,+2.4937501E+00
-4.7300E-03,+1.4687500E+00,+2.6750000E+00,+2.1187501E+00
-4.7200E-03,+1.5625000E+00,+2.3625000E+00,+1.7750001E+00
-4.7100E-03,+1.7500000E+00,+2.0500000E+00,+1.4937501E+00
-4.7000E-03,+1.9687500E+00,+1.8000000E+00,+1.4000001E+00
-4.6900E-03,+2.2187500E+00,+1.6125000E+00,+1.3375001E+00
-4.6800E-03,+2.5000000E+00,+1.4875000E+00,+1.4312501E+00
-4.6700E-03,+2.8125000E+00,+1.5500000E+00,+1.6500001E+00
-4.6600E-03,+3.0937500E+00,+1.6437500E+00,+1.9625001E+00
-4.6500E-03,+3.2187500E+00,+1.8625000E+00,+2.2750001E+00
-4.6400E-03,+3.2812500E+00,+2.1437500E+00,+2.7125001E+00
-4.6300E-03,+3.2812500E+00,+2.4250000E+00,+3.0562501E+00
-4.6200E-03,+3.1562500E+00,+2.7687500E+00,+3.3062501E+00
-4.6100E-03,+2.9062500E+00,+3.0187500E+00,+3.4937501E+00
-4.6000E-03,+2.6250000E+00,+3.2375000E+00,+3.5250001E+00
-4.5900E-03,+2.3437500E+00,+3.3625000E+00,+3.4625001E+00
-4.5800E-03,+2.0000000E+00,+3.3312500E+00,+3.2750001E+00
-4.5700E-03,+1.7500000E+00,+3.2375000E+00,+2.9937501E+00
-4.5600E-03,+1.6250000E+00,+3.0500000E+00,+2.6500001E+00
-4.5500E-03,+1.5000000E+00,+2.7687500E+00,+2.2437501E+00
-4.5400E-03,+1.5625000E+00,+2.4875000E+00,+1.9000001E+00
-4.5300E-03,+1.6562500E+00,+2.1437500E+00,+1.6187501E+00
-4.5200E-03,+1.9375000E+00,+1.8937500E+00,+1.4000001E+00
-4.5100E-03,+2.2187500E+00,+1.7062500E+00,+1.3687501E+00
-4.5000E-03,+2.5000000E+00,+1.5500000E+00,+1.4625001E+00
-4.4900E-03,+2.8437500E+00,+1.5187500E+00,+1.6500001E+00
-4.4800E-03,+3.0625000E+00,+1.6437500E+00,+1.9312501E+00
-4.4700E-03,+3.2500000E+00,+1.8312500E+00,+2.2750001E+00
-4.4600E-03,+3.3125000E+00,+2.0812500E+00,+2.6187501E+00
-4.4500E-03,+3.2812500E+00,+2.3937500E+00,+2.9937501E+00
-4.4400E-03,+3.1250000E+00,+2.6750000E+00,+3.2437501E+00
-4.4300E-03,+2.8750000E+00,+2.9562500E+00,+3.4312501E+00
-4.4200E-03,+2.5625000E+00,+3.1750000E+00,+3.4937501E+00
-4.4100E-03,+2.2500000E+00,+3.3000000E+00,+3.4312501E+00
-4.4000E-03,+1.9687500E+00,+3.2687500E+00,+3.2125001E+00
-4.3900E-03,+1.7187500E+00,+3.2062500E+00,+2.9312501E+00
-4.3800E-03,+1.5625000E+00,+3.0187500E+00,+2.5562501E+00
-4.3700E-03,+1.4687500E+00,+2.7375000E+00,+2.1812501E+00
-4.3600E-03,+1.6250000E+00,+2.4250000E+00,+1.8375001E+00
-4.3500E-03,+1.7812500E+00,+2.1125000E+00,+1.5875001E+00
-4.3400E-03,+2.0312500E+00,+1.8937500E+00,+1.4312501E+00
-4.3300E-03,+2.3125000E+00,+1.7062500E+00,+1.4000001E+00
-4.3200E-03,+2.6875000E+00,+1.6125000E+00,+1.4937501E+00
-4.3100E-03,+2.9375000E+00,+1.6125000E+00,+1.7437501E+00
-4.3000E-03,+3.1875000E+00,+1.7375000E+00,+2.0562501E+00
-4.2900E-03,+3.2500000E+00,+1.9562500E+00,+2.4000001E+00
-4.2800E-03,+3.3125000E+00,+2.2375000E+00,+2.7437501E+00
-4.2700E-03,+3.2500000E+00,+2.4875000E+00,+3.0875001E+00
-4.2600E-03,+3.0000000E+00,+2.7687500E+00,+3.3062501E+00
-4.2500E-03,+2.6875000E+00,+3.0500000E+00,+3.4312501E+00
-4.2400E-03,+2.3750000E+00,+3.2375000E+00,+3.4625001E+00
-4.2300E-03,+2.0625000E+00,+3.2687500E+00,+3.2750001E+00
-4.2200E-03,+1.7812500E+00,+3.2062500E+00,+3.0250001E+00
-4.2100E-03,+1.5937500E+00,+3.0812500E+00,+2.6812501E+00
-4.2000E-03,+1.4687500E+00,+2.8312500E+00,+2.3687501E+00
-4.1900E-03,+1.5312500E+00,+2.5500000E+00,+2.0250001E+00
-4.1800E-03,+1.6875000E+00,+2.2375000E+00,+1.7125001E+00
-4.1700E-03,+1.9687500E+00,+2.0187500E+00,+1.4937501E+00
-4.1600E-03,+2.2812500E+00,+1.7687500E+00,+1.4312501E+00
-4.1500E-03,+2.5937500E+00,+1.6437500E+00,+1.5250001E+00
-4.1400E-03,+2.9375000E+00,+1.6125000E+00,+1.7125001E+00
-4.1300E-03,+3.1562500E+00,+1.7375000E+00,+1.9625001E+00
-4.1200E-03,+3.2812500E+00,+1.9250000E+00,+2.3375001E+00
-4.1100E-03,+3.2812500E+00,+2.2062500E+00,+2.6812501E+00
-4.1000E-03,+3.2500000E+00,+2.4875000E+00,+3.0562501E+00
-4.0900E-03,+3.0000000E+00,+2.7687500E+00,+3.2437501E+00
-4.0800E-03,+2.7187500E+00,+3.0187500E+00,+3.4000001E+00
-4.0700E-03,+2.4062500E+00,+3.1750000E+00,+3.3687501E+00
-4.0600E-03,+2.0625000E+00,+3.2062500E+00,+3.2437501E+00
-4.0500E-03,+1.7812500E+00,+3.2062500E+00,+2.9937501E+00
-4.0400E-03,+1.5625000E+00,+3.0812500E+00,+2.7437501E+00
-4.0300E-03,+1.5625000E+00,+2.8000000E+00,+2.3375001E+00
-4.0200E-03,+1.5625000E+00,+2.5500000E+00,+1.9937501E+00
-4.0100E-03,+1.7500000E+00,+2.2687500E+00,+1.7437501E+00
-4.0000E-03,+2.0000000E+00,+1.9562500E+00,+1.5875001E+00
-3.9900E-03,+2.3125000E+00,+1.8000000E+00,+1.5250001E+00
-3.9800E-03,+2.6562500E+00,+1.7062500E+00,+1.5875001E+00
-3.9700E-03,+3.0000000E+00,+1.7062500E+00,+1.7437501E+00
-3.9600E-03,+3.2500000E+00,+1.8000000E+00,+2.0562501E+00
-3.9500E-03,+3.2812500E+00,+1.9875000E+00,+2.3687501E+00
-3.9400E-03,+3.2500000E+00,+2.2687500E+00,+2.7750001E+00
-3.9300E-03,+3.1562500E+00,+2.4875000E+00,+3.0250001E+00
-3.9200E-03,+2.9062500E+00,+2.8000000E+00,+3.2750001E+00
-3.9100E-03,+2.6250000E+00,+3.0187500E+00,+3.3687501E+00
-3.9000E-03,+2.2500000E+00,+3.1750000E+00,+3.3375001E+00
-3.8900E-03,+1.9687500E+00,+3.2062500E+00,+3.1500001E+00
-3.8800E-03,+1.6875000E+00,+3.1125000E+00,+2.9000001E+00
-3.8700E-03,+1.5625000E+00,+2.9875000E+00,+2.5562501E+00
-3.8600E-03,+1.5312500E+00,+2.7062500E+00,+2.2125001E+00
-3.8500E-03,+1.6250000E+00,+2.3937500E+00,+1.9312501E+00
-3.8400E-03,+1.8750000E+00,+2.1750000E+00,+1.6500001E+00
-3.8300E-03,+2.1250000E+00,+1.9250000E+00,+1.5562501E+00
-3.8200E-03,+2.5312500E+00,+1.7687500E+00,+1.5562501E+00
-3.8100E-03,+2.8437500E+00,+1.7062500E+00,+1.6812501E+00
-3.8000E-03,+3.0937500E+00,+1.7375000E+00,+1.9625001E+00
-3.7900E-03,+3.2812500E+00,+1.8937500E+00,+2.2437501E+00
-3.7800E-03,+3.3437500E+00,+2.0812500E+00,+2.6187501E+00
-3.7700E-03,+3.1875000E+00,+2.3625000E+00,+2.9312501E+00
-3.7600E-03,+2.9687500E+00,+2.6437500E+00,+3.1812501E+00
-3.7500E-03,+2.7187500E+00,+2.8937500E+00,+3.3062501E+00
-3.7400E-03,+2.3437500E+00,+3.0812500E+00,+3.3062501E+00
-3.7300E-03,+2.0000000E+00,+3.1750000E+00,+3.1812501E+00
-3.7200E-03,+1.7500000E+00,+3.1437500E+00,+2.9937501E+00
-3.7100E-03,+1.5312500E+00,+2.9875000E+00,+2.6812501E+00
-3.7000E-03,+1.5000000E+00,+2.8000000E+00,+2.3375001E+00
-3.6900E-03,+1.6250000E+00,+2.5500000E+00,+1.9937501E+00
-3.6800E-03,+1.8125000E+00,+2.2375000E+00,+1.7437501E+00
-3.6700E-03,+2.1250000E+00,+1.9562500E+00,+1.5875001E+00
-3.6600E-03,+2.4687500E+00,+1.8000000E+00,+1.5875001E+00
-3.6500E-03,+2.8437500E+00,+1.7375000E+00,+1.6812501E+00
-3.6400E-03,+3.0937500E+00,+1.7687500E+00,+1.9000001E+00
-3.6300E-03,+3.2812500E+00,+1.8937500E+00,+2.1812501E+00
-3.6200E-03,+3.3437500E+00,+2.0812500E+00,+2.5250001E+00
-3.6100E-03,+3.2500000E+00,+2.3312500E+00,+2.8687501E+00
-3.6000E-03,+3.0312500E+00,+2.6125000E+00,+3.1187501E+00
-3.5900E-03,+2.7187500E+00,+2.8625000E+00,+3.2437501E+00
-3.5800E-03,+2.3750000E+00,+3.0500000E+00,+3.3062501E+00
-3.5700E-03,+2.0312500E+00,+3.1437500E+00,+3.1812501E+00
-3.5600E-03,+1.7500000E+00,+3.0812500E+00,+2.9625001E+00
-3.5500E-03,+1.5625000E+00,+2.9875000E+00,+2.6812501E+00
-3.5400E-03,+1.4687500E+00,+2.7687500E+00,+2.3062501E+00
-3.5300E-03,+1.6250000E+00,+2.5187500E+00,+1.9937501E+00
-3.5200E-03,+1.8437500E+00,+2.2375000E+00,+1.7750001E+00
-3.5100E-03,+2.1875000E+00,+1.9875000E+00,+1.6187501E+00
-3.5000E-03,+2.5312500E+00,+1.8312500E+00,+1.5875001E+00
-3.4900E-03,+2.8437500E+00,+1.7687500E+00,+1.7437501E+00
-3.4800E-03,+3.1250000E+00,+1.8000000E+00,+1.9625001E+00
-3.4700E-03,+3.2812500E+00,+1.8937500E+00,+2.2750001E+00
-3.4600E-03,+3.3125000E+00,+2.1437500E+00,+2.6187501E+00
-3.4500E-03,+3.2187500E+00,+2.3937500E+00,+2.9312501E+00
-3.4400E-03,+2.9687500E+00,+2.6437500E+00,+3.1500001E+00
-3.4300E-03,+2.6250000E+00,+2.8937500E+00,+3.2437501E+00
-3.4200E-03,+2.2500000E+00,+3.0812500E+00,+3.2750001E+00
-3.4100E-03,+1.9062500E+00,+3.1125000E+00,+3.1187501E+00
-3.4000E-03,+1.6250000E+00,+3.0812500E+00,+2.9312501E+00
-3.3900E-03,+1.5625000E+00,+2.9250000E+00,+2.5875001E+00
-3.3800E-03,+1.5000000E+00,+2.6750000E+00,+2.2125001E+00
-3.3700E-03,+1.6875000E+00,+2.4250000E+00,+1.9625001E+00
-3.3600E-03,+2.0000000E+00,+2.1750000E+00,+1.6812501E+00
-3.3500E-03,+2.2812500E+00,+1.9875000E+00,+1.5875001E+00
-3.3400E-03,+2.6250000E+00,+1.8312500E+00,+1.6500001E+00
-3.3300E-03,+2.9687500E+00,+1.7687500E+00,+1.7750001E+00
-3.3200E-03,+3.2187500E+00,+1.8937500E+00,+2.0562501E+00
-3.3100E-03,+3.3437500E+00,+2.0187500E+00,+2.3687501E+00
-3.3000E-03,+3.2500000E+00,+2.2375000E+00,+2.7125001E+00
-3.2900E-03,+3.0625000E+00,+2.5187500E+00,+2.9937501E+00
-3.2800E-03,+2.8125000E+00,+2.7375000E+00,+3.1812501E+00
-3.2700E-03,+2.5000000E+00,+2.9562500E+00,+3.2750001E+00
-3.2600E-03,+2.0625000E+00,+3.0812500E+00,+3.1812501E+00
-3.2500E-03,+1.7500000E+00,+3.1125000E+00,+2.9625001E+00
-3.2400E-03,+1.5937500E+00,+2.9875000E+00,+2.7125001E+00
-3.2300E-03,+1.5312500E+00,+2.8000000E+00,+2.4000001E+00
-3.2200E-03,+1.6250000E+00,+2.5187500E+00,+2.0875001E+00
-3.2100E-03,+1.8125000E+00,+2.3000000E+00,+1.8062501E+00
-3.2000E-03,+2.1562500E+00,+2.0812500E+00,+1.6500001E+00
-3.1900E-03,+2.5312500E+00,+1.9250000E+00,+1.6187501E+00
-3.1800E-03,+2.9062500E+00,+1.8000000E+00,+1.7437501E+00
-3.1700E-03,+3.1250000E+00,+1.8312500E+00,+1.9625001E+00
-3.1600E-03,+3.3125000E+00,+1.9562500E+00,+2.2437501E+00
-3.1500E-03,+3.3437500E+00,+2.1750000E+00,+2.5875001E+00
-3.1400E-03,+3.1250000E+00,+2.3937500E+00,+2.9000001E+00
-3.1300E-03,+2.9062500E+00,+2.6437500E+00,+3.1187501E+00
-3.1200E-03,+2.5625000E+00,+2.8625000E+00,+3.2125001E+00
-3.1100E-03,+2.1250000E+00,+3.0500000E+00,+3.1812501E+00
-3.1000E-03,+1.8125000E+00,+3.0500000E+00,+3.0562501E+00
-3.0900E-03,+1.5937500E+00,+2.9875000E+00,+2.7750001E+00
-3.0800E-03,+1.5312500E+00,+2.8312500E+00,+2.4937501E+00
-3.0700E-03,+1.5625000E+00,+2.5812500E+00,+2.1500001E+00
-3.0600E-03,+1.7812500E+00,+2.3625000E+00,+1.9000001E+00
-3.0500E-03,+2.0937500E+00,+2.1125000E+00,+1.7125001E+00
-3.0400E-03,+2.4687500E+00,+1.9562500E+00,+1.6500001E+00
-3.0300E-03,+2.8125000E+00,+1.8000000E+00,+1.7437501E+00
-3.0200E-03,+3.1250000E+00,+1.8312500E+00,+1.9312501E+00
-3.0100E-03,+3.2812500E+00,+1.9562500E+00,+2.2437501E+00
-3.0000E-03,+3.2812500E+00,+2.1437500E+00,+2.5562501E+00
-2.9900E-03,+3.1562500E+00,+2.3625000E+00,+2.8687501E+00
-2.9800E-03,+2.9062500E+00,+2.6437500E+00,+3.0875001E+00
-2.9700E-03,+2.5312500E+00,+2.8625000E+00,+3.1812501E+00
-2.9600E-03,+2.1875000E+00,+3.0187500E+00,+3.1812501E+00
-2.9500E-03,+1.8750000E+00,+3.0500000E+00,+3.0250001E+00
-2.9400E-03,+1.6250000E+00,+2.9875000E+00,+2.7750001E+00
-2.9300E-03,+1.5312500E+00,+2.8312500E+00,+2.4937501E+00
-2.9200E-03,+1.5937500E+00,+2.6125000E+00,+2.1812501E+00
-2.9100E-03,+1.8437500E+00,+2.3312500E+00,+1.9312501E+00
-2.9000E-03,+2.0937500E+00,+2.1125000E+00,+1.7125001E+00
-2.8900E-03,+2.4687500E+00,+1.9562500E+00,+1.6500001E+00
-2.8800E-03,+2.8750000E+00,+1.8625000E+00,+1.7437501E+00
-2.8700E-03,+3.1250000E+00,+1.8312500E+00,+1.9312501E+00
-2.8600E-03,+3.2812500E+00,+1.9875000E+00,+2.2750001E+00
-2.8500E-03,+3.3125000E+00,+2.1437500E+00,+2.5875001E+00
-2.8400E-03,+3.1250000E+00,+2.4250000E+00,+2.8687501E+00
-2.8300E-03,+2.8750000E+00,+2.6750000E+00,+3.0875001E+00
-2.8200E-03,+2.5312500E+00,+2.8312500E+00,+3.1812501E+00
-2.8100E-03,+2.1250000E+00,+2.9875000E+00,+3.1500001E+00
-2.8000E-03,+1.7812500E+00,+3.0187500E+00,+2.9937501E+00
-2.7900E-03,+1.5312500E+00,+2.9562500E+00,+2.7125001E+00
-2.7800E-03,+1.5000000E+00,+2.8000000E+00,+2.4312501E+00
-2.7700E-03,+1.6562500E+00,+2.5500000E+00,+2.1187501E+00
-2.7600E-03,+1.8750000E+00,+2.3000000E+00,+1.8375001E+00
-2.7500E-03,+2.1875000E+00,+2.0812500E+00,+1.7125001E+00
-2.7400E-03,+2.5937500E+00,+1.9562500E+00,+1.6812501E+00
-2.7300E-03,+2.9687500E+00,+1.8625000E+00,+1.8375001E+00
-2.7200E-03,+3.1875000E+00,+1.8937500E+00,+2.0562501E+00
-2.7100E-03,+3.2812500E+00,+2.0187500E+00,+2.3062501E+00
-2.7000E-03,+3.2187500E+00,+2.2375000E+00,+2.6812501E+00
-2.6900E-03,+3.0937500E+00,+2.4562500E+00,+2.9312501E+00
-2.6800E-03,+2.7500000E+00,+2.7062500E+00,+3.0875001E+00
-2.6700E-03,+2.3750000E+00,+2.8625000E+00,+3.1500001E+00
-2.6600E-03,+2.0000000E+00,+2.9875000E+00,+3.0875001E+00
-2.6500E-03,+1.6875000E+00,+2.9875000E+00,+2.9000001E+00
-2.6400E-03,+1.5312500E+00,+2.8937500E+00,+2.6500001E+00
-2.6300E-03,+1.5312500E+00,+2.7062500E+00,+2.3062501E+00
-2.6200E-03,+1.6875000E+00,+2.4562500E+00,+1.9937501E+00
-2.6100E-03,+2.0000000E+00,+2.2062500E+00,+1.8062501E+00
-2.6000E-03,+2.4062500E+00,+2.0187500E+00,+1.7437501E+00
-2.5900E-03,+2.7812500E+00,+1.9250000E+00,+1.7437501E+00
-2.5800E-03,+3.0625000E+00,+1.8937500E+00,+1.9000001E+00
-2.5700E-03,+3.2500000E+00,+1.9562500E+00,+2.1812501E+00
-2.5600E-03,+3.3125000E+00,+2.1125000E+00,+2.4625001E+00
-2.5500E-03,+3.1875000E+00,+2.3312500E+00,+2.8062501E+00
-2.5400E-03,+2.9375000E+00,+2.5812500E+00,+3.0250001E+00
-2.5300E-03,+2.5312500E+00,+2.8000000E+00,+3.1500001E+00
-2.5200E-03,+2.1875000E+00,+2.9562500E+00,+3.1187501E+00
-2.5100E-03,+1.8437500E+00,+2.9875000E+00,+3.0250001E+00
-2.5000E-03,+1.5937500E+00,+2.9250000E+00,+2.7750001E+00
-2.4900E-03,+1.5625000E+00,+2.7687500E+00,+2.4312501E+00
-2.4800E-03,+1.6250000E+00,+2.6125000E+00,+2.1187501E+00
-2.4700E-03,+1.8437500E+00,+2.3000000E+00,+1.9000001E+00
-2.4600E-03,+2.2500000E+00,+2.0812500E+00,+1.7437501E+00
-2.4500E-03,+2.5937500E+00,+1.9562500E+00,+1.7437501E+00
-2.4400E-03,+2.9375000E+00,+1.8937500E+00,+1.8687501E+00
-2.4300E-03,+3.2187500E+00,+1.9250000E+00,+2.0875001E+00
-2.4200E-03,+3.3437500E+00,+2.0812500E+00,+2.4000001E+00
-2.4100E-03,+3.2187500E+00,+2.2687500E+00,+2.7125001E+00
-2.4000E-03,+2.9687500E+00,+2.4875000E+00,+2.9312501E+00
-2.3900E-03,+2.6562500E+00,+2.7375000E+00,+3.1187501E+00
-2.3800E-03,+2.2812500E+00,+2.9250000E+00,+3.1187501E+00
-2.3700E-03,+1.9375000E+00,+2.9875000E+00,+3.0250001E+00
-2.3600E-03,+1.6250000E+00,+2.9562500E+00,+2.8062501E+00
-2.3500E-03,+1.5625000E+00,+2.8625000E+00,+2.5562501E+00
-2.3400E-03,+1.5625000E+00,+2.6125000E+00,+2.2125001E+00
-2.3300E-03,+1.8125000E+00,+2.3937500E+00,+1.9937501E+00
-2.3200E-03,+2.1250000E+00,+2.1750000E+00,+1.8062501E+00
-2.3100E-03,+2.5312500E+00,+1.9875000E+00,+1.7750001E+00
-2.3000E-03,+2.9375000E+00,+1.9250000E+00,+1.8687501E+00
-2.2900E-03,+3.1875000E+00,+1.9250000E+00,+2.0250001E+00
-2.2800E-03,+3.3125000E+00,+2.0187500E+00,+2.3062501E+00
-2.2700E-03,+3.2812500E+00,+2.2062500E+00,+2.6500001E+00
-2.2600E-03,+3.0625000E+00,+2.4250000E+00,+2.9312501E+00
-2.2500E-03,+2.7187500E+00,+2.6750000E+00,+3.0562501E+00
-2.2400E-03,+2.3437500E+00,+2.8937500E+00,+3.1187501E+00
-2.2300E-03,+1.9375000E+00,+2.9250000E+00,+3.0562501E+00
-2.2200E-03,+1.6562500E+00,+2.9562500E+00,+2.8687501E+00
-2.2100E-03,+1.5312500E+00,+2.8312500E+00,+2.5875001E+00
-2.2000E-03,+1.5937500E+00,+2.6437500E+00,+2.2750001E+00
-2.1900E-03,+1.7500000E+00,+2.4250000E+00,+1.9937501E+00
-2.1800E-03,+2.0937500E+00,+2.2062500E+00,+1.8375001E+00
-2.1700E-03,+2.5312500E+00,+1.9875000E+00,+1.7750001E+00
-2.1600E-03,+2.8750000E+00,+1.9562500E+00,+1.8375001E+00
-2.1500E-03,+3.1875000E+00,+1.9250000E+00,+2.0250001E+00
-2.1400E-03,+3.3125000E+00,+2.0500000E+00,+2.3062501E+00
-2.1300E-03,+3.2500000E+00,+2.2375000E+00,+2.6187501E+00
-2.1200E-03,+3.0625000E+00,+2.4562500E+00,+2.8687501E+00
-2.1100E-03,+2.7500000E+00,+2.6750000E+00,+3.0562501E+00
-2.1000E-03,+2.3437500E+00,+2.8312500E+00,+3.1187501E+00
-2.0900E-03,+1.9375000E+00,+2.9250000E+00,+3.0562501E+00
-2.0800E-03,+1.6562500E+00,+2.9562500E+00,+2.8375001E+00
-2.0700E-03,+1.5312500E+00,+2.8000000E+00,+2.5562501E+00
-2.0600E-03,+1.5625000E+00,+2.6437500E+00,+2.2750001E+00
-2.0500E-03,+1.7812500E+00,+2.4562500E+00,+1.9625001E+00
-2.0400E-03,+2.1250000E+00,+2.2375000E+00,+1.8375001E+00
-2.0300E-03,+2.5625000E+00,+2.0187500E+00,+1.7437501E+00
-2.0200E-03,+2.8750000E+00,+1.9562500E+00,+1.8375001E+00
-2.0100E-03,+3.1875000E+00,+1.9562500E+00,+2.0562501E+00
-2.0000E-03,+3.3125000E+00,+2.0500000E+00,+2.3375001E+00
-1.9900E-03,+3.2500000E+00,+2.2687500E+00,+2.6500001E+00
-1.9800E-03,+3.0312500E+00,+2.4250000E+00,+2.8687501E+00
-1.9700E-03,+2.6250000E+00,+2.7062500E+00,+3.0562501E+00
-1.9600E-03,+2.2500000E+00,+2.8312500E+00,+3.0875001E+00
-1.9500E-03,+1.8750000E+00,+2.9250000E+00,+3.0250001E+00
-1.9400E-03,+1.5937500E+00,+2.8937500E+00,+2.8062501E+00
-1.9300E-03,+1.5312500E+00,+2.8312500E+00,+2.5250001E+00
-1.9200E-03,+1.5937500E+00,+2.6437500E+00,+2.2125001E+00
-1.9100E-03,+1.8750000E+00,+2.3937500E+00,+1.9625001E+00
-1.9000E-03,+2.2500000E+00,+2.1750000E+00,+1.8375001E+00
-1.8900E-03,+2.6562500E+00,+2.0500000E+00,+1.8062501E+00
-1.8800E-03,+3.0000000E+00,+1.9562500E+00,+1.8687501E+00
-1.8700E-03,+3.2187500E+00,+1.9562500E+00,+2.1187501E+00
-1.8600E-03,+3.2812500E+00,+2.0500000E+00,+2.4312501E+00
-1.8500E-03,+3.2187500E+00,+2.3312500E+00,+2.7125001E+00
-1.8400E-03,+2.9375000E+00,+2.4875000E+00,+2.9312501E+00
-1.8300E-03,+2.5625000E+00,+2.7062500E+00,+3.0562501E+00
-1.8200E-03,+2.1250000E+00,+2.8625000E+00,+3.0875001E+00
-1.8100E-03,+1.7812500E+00,+2.9562500E+00,+2.9625001E+00
-1.8000E-03,+1.5625000E+00,+2.8937500E+00,+2.7437501E+00
-1.7900E-03,+1.5312500E+00,+2.7375000E+00,+2.4312501E+00
-1.7800E-03,+1.6875000E+00,+2.5500000E+00,+2.1500001E+00
-1.7700E-03,+1.9687500E+00,+2.3312500E+00,+1.8687501E+00
-1.7600E-03,+2.3437500E+00,+2.1125000E+00,+1.8062501E+00
-1.7500E-03,+2.7500000E+00,+1.9875000E+00,+1.8375001E+00
-1.7400E-03,+3.0625000E+00,+1.9875000E+00,+1.9937501E+00
-1.7300E-03,+3.2500000E+00,+2.0500000E+00,+2.2437501E+00
-1.7200E-03,+3.2812500E+00,+2.1750000E+00,+2.5250001E+00
-1.7100E-03,+3.0937500E+00,+2.3937500E+00,+2.7750001E+00
-1.7000E-03,+2.7812500E+00,+2.6125000E+00,+2.9625001E+00
-1.6900E-03,+2.3437500E+00,+2.8000000E+00,+3.1187501E+00
-1.6800E-03,+1.9687500E+00,+2.8937500E+00,+2.9937501E+00
-1.6700E-03,+1.6875000E+00,+2.9250000E+00,+2.8375001E+00
-1.6600E-03,+1.5625000E+00,+2.8000000E+00,+2.5875001E+00
-1.6500E-03,+1.5625000E+00,+2.6750000E+00,+2.3062501E+00
-1.6400E-03,+1.8125000E+00,+2.4250000E+00,+1.9937501E+00
-1.6300E-03,+2.1250000E+00,+2.2062500E+00,+1.8375001E+00
-1.6200E-03,+2.5625000E+00,+2.0187500E+00,+1.8375001E+00
-1.6100E-03,+2.9375000E+00,+1.9875000E+00,+1.8687501E+00
-1.6000E-03,+3.2187500E+00,+1.9875000E+00,+2.0875001E+00
-1.5900E-03,+3.3125000E+00,+2.0812500E+00,+2.3687501E+00
-1.5800E-03,+3.2187500E+00,+2.2687500E+00,+2.6500001E+00
-1.5700E-03,+2.9375000E+00,+2.4875000E+00,+2.9000001E+00
-1.5600E-03,+2.5937500E+00,+2.7062500E+00,+3.0250001E+00
-1.5500E-03,+2.1562500E+00,+2.8625000E+00,+3.0250001E+00
-1.5400E-03,+1.8125000E+00,+2.9250000E+00,+2.9000001E+00
-1.5300E-03,+1.5937500E+00,+2.8937500E+00,+2.7437501E+00
-1.5200E-03,+1.5000000E+00,+2.7375000E+00,+2.4000001E+00
-1.5100E-03,+1.6562500E+00,+2.5187500E+00,+2.1187501E+00
-1.5000E-03,+1.9687500E+00,+2.3000000E+00,+1.9312501E+00
-1.4900E-03,+2.3437500E+00,+2.1125000E+00,+1.8062501E+00
-1.4800E-03,+2.8125000E+00,+2.0187500E+00,+1.8375001E+00
-1.4700E-03,+3.1250000E+00,+1.9875000E+00,+1.9937501E+00
-1.4600E-03,+3.2812500E+00,+2.0500000E+00,+2.2750001E+00
-1.4500E-03,+3.2500000E+00,+2.2062500E+00,+2.5875001E+00
-1.4400E-03,+3.0937500E+00,+2.3937500E+00,+2.8062501E+00
-1.4300E-03,+2.6875000E+00,+2.6125000E+00,+2.9937501E+00
-1.4200E-03,+2.3125000E+00,+2.8000000E+00,+3.0562501E+00
-1.4100E-03,+1.9375000E+00,+2.8625000E+00,+2.9937501E+00
-1.4000E-03,+1.5937500E+00,+2.9250000E+00,+2.7750001E+00
-1.3900E-03,+1.5000000E+00,+2.8000000E+00,+2.4937501E+00
-1.3800E-03,+1.5937500E+00,+2.6125000E+00,+2.2125001E+00
-1.3700E-03,+1.9062500E+00,+2.3625000E+00,+1.9937501E+00
-1.3600E-03,+2.2812500E+00,+2.2062500E+00,+1.8375001E+00
-1.3500E-03,+2.6875000E+00,+2.0500000E+00,+1.8687501E+00
-1.3400E-03,+3.0625000E+00,+1.9562500E+00,+1.9937501E+00
-1.3300E-03,+3.2500000E+00,+2.0500000E+00,+2.1812501E+00
-1.3200E-03,+3.2812500E+00,+2.1750000E+00,+2.4937501E+00
-1.3100E-03,+3.1562500E+00,+2.3625000E+00,+2.7750001E+00
-1.3000E-03,+2.8125000E+00,+2.5812500E+00,+2.9625001E+00
-1.2900E-03,+2.4062500E+00,+2.7375000E+00,+3.0562501E+00
-1.2800E-03,+1.9687500E+00,+2.8625000E+00,+3.0250001E+00
-1.2700E-03,+1.6875000E+00,+2.8625000E+00,+2.8062501E+00
-1.2600E-03,+1.5625000E+00,+2.8000000E+00,+2.5875001E+00
-1.2500E-03,+1.5937500E+00,+2.6750000E+00,+2.3062501E+00
-1.2400E-03,+1.8125000E+00,+2.4562500E+00,+2.0562501E+00
-1.2300E-03,+2.1875000E+00,+2.2062500E+00,+1.8687501E+00
-1.2200E-03,+2.5937500E+00,+2.0812500E+00,+1.8687501E+00
-1.2100E-03,+3.0000000E+00,+1.9875000E+00,+1.9312501E+00
-1.2000E-03,+3.2187500E+00,+1.9875000E+00,+2.1187501E+00
-1.1900E-03,+3.3125000E+00,+2.1125000E+00,+2.4312501E+00
-1.1800E-03,+3.1562500E+00,+2.3312500E+00,+2.7125001E+00
-1.1700E-03,+2.8437500E+00,+2.5500000E+00,+2.9312501E+00
-1.1600E-03,+2.4687500E+00,+2.7375000E+00,+3.0562501E+00
-1.1500E-03,+2.0000000E+00,+2.8312500E+00,+3.0250001E+00
-1.1400E-03,+1.7187500E+00,+2.8937500E+00,+2.8687501E+00
-1.1300E-03,+1.5000000E+00,+2.8312500E+00,+2.5875001E+00
-1.1200E-03,+1.5937500E+00,+2.6750000E+00,+2.3062501E+00
-1.1100E-03,+1.8125000E+00,+2.4562500E+00,+2.0875001E+00
-1.1000E-03,+2.1875000E+00,+2.2687500E+00,+1.9312501E+00
-1.0900E-03,+2.5937500E+00,+2.0812500E+00,+1.8687501E+00
-1.0800E-03,+2.9687500E+00,+2.0187500E+00,+1.9312501E+00
-1.0700E-03,+3.2500000E+00,+2.0187500E+00,+2.1500001E+00
-1.0600E-03,+3.3125000E+00,+2.1437500E+00,+2.4625001E+00
-1.0500E-03,+3.1875000E+00,+2.3000000E+00,+2.6812501E+00
-1.0400E-03,+2.9062500E+00,+2.5187500E+00,+2.9312501E+00
-1.0300E-03,+2.4687500E+00,+2.6750000E+00,+3.0250001E+00
-1.0200E-03,+2.0625000E+00,+2.8312500E+00,+2.9937501E+00
-1.0100E-03,+1.7500000E+00,+2.8937500E+00,+2.8375001E+00
-1.0000E-03,+1.5312500E+00,+2.8312500E+00,+2.6187501E+00
-990.0E-06,+1.5625000E+00,+2.6750000E+00,+2.3062501E+00
-980.0E-06,+1.7812500E+00,+2.4562500E+00,+2.0562501E+00
-970.0E-06,+2.1875000E+00,+2.3000000E+00,+1.9000001E+00
-960.0E-06,+2.6562500E+00,+2.1125000E+00,+1.8375001E+00
-950.0E-06,+2.9687500E+00,+1.9875000E+00,+1.9312501E+00
-940.0E-06,+3.2500000E+00,+1.9875000E+00,+2.1500001E+00
-930.0E-06,+3.3125000E+00,+2.1125000E+00,+2.4312501E+00
-920.0E-06,+3.1562500E+00,+2.3000000E+00,+2.7125001E+00
-910.0E-06,+2.8437500E+00,+2.5187500E+00,+2.9312501E+00
-900.0E-06,+2.4375000E+00,+2.7062500E+00,+3.0250001E+00
-890.0E-06,+2.0312500E+00,+2.8312500E+00,+2.9937501E+00
-880.0E-06,+1.7187500E+00,+2.8625000E+00,+2.8687501E+00
-870.0E-06,+1.5625000E+00,+2.7687500E+00,+2.5875001E+00
-860.0E-06,+1.5625000E+00,+2.6437500E+00,+2.3062501E+00
-850.0E-06,+1.8437500E+00,+2.4250000E+00,+2.0875001E+00
-840.0E-06,+2.2500000E+00,+2.2375000E+00,+1.9312501E+00
-830.0E-06,+2.6875000E+00,+2.1437500E+00,+1.8687501E+00
-820.0E-06,+3.0625000E+00,+2.0187500E+00,+1.9937501E+00
-810.0E-06,+3.2500000E+00,+2.0187500E+00,+2.2125001E+00
-800.0E-06,+3.2812500E+00,+2.1750000E+00,+2.4937501E+00
-790.0E-06,+3.1250000E+00,+2.3312500E+00,+2.7437501E+00
-780.0E-06,+2.7812500E+00,+2.5500000E+00,+2.9312501E+00
-770.0E-06,+2.3437500E+00,+2.7375000E+00,+3.0562501E+00
-760.0E-06,+1.9375000E+00,+2.8625000E+00,+2.9312501E+00
-750.0E-06,+1.6250000E+00,+2.8312500E+00,+2.7750001E+00
-740.0E-06,+1.5312500E+00,+2.7687500E+00,+2.5562501E+00
-730.0E-06,+1.5937500E+00,+2.6437500E+00,+2.2750001E+00
-720.0E-06,+1.9062500E+00,+2.3937500E+00,+2.0250001E+00
-710.0E-06,+2.3125000E+00,+2.2062500E+00,+1.9000001E+00
-700.0E-06,+2.7500000E+00,+2.0500000E+00,+1.9000001E+00
-690.0E-06,+3.0937500E+00,+1.9875000E+00,+2.0250001E+00
-680.0E-06,+3.2812500E+00,+2.0500000E+00,+2.2437501E+00
-670.0E-06,+3.2812500E+00,+2.2062500E+00,+2.5250001E+00
-660.0E-06,+3.0625000E+00,+2.3625000E+00,+2.7750001E+00
-650.0E-06,+2.6875000E+00,+2.5812500E+00,+2.9625001E+00
-640.0E-06,+2.2500000E+00,+2.7687500E+00,+3.0250001E+00
-630.0E-06,+1.8437500E+00,+2.8312500E+00,+2.9312501E+00
-620.0E-06,+1.5625000E+00,+2.8000000E+00,+2.7437501E+00
-610.0E-06,+1.5312500E+00,+2.7062500E+00,+2.4625001E+00
-600.0E-06,+1.6562500E+00,+2.5500000E+00,+2.1500001E+00
-590.0E-06,+2.0000000E+00,+2.3625000E+00,+1.9625001E+00
-580.0E-06,+2.4375000E+00,+2.1437500E+00,+1.9000001E+00
-570.0E-06,+2.9062500E+00,+2.0500000E+00,+1.9312501E+00
-560.0E-06,+3.1875000E+00,+2.0187500E+00,+2.0875001E+00
-550.0E-06,+3.3125000E+00,+2.1125000E+00,+2.3687501E+00
-540.0E-06,+3.2187500E+00,+2.2687500E+00,+2.5875001E+00
-530.0E-06,+2.9062500E+00,+2.4875000E+00,+2.8375001E+00
-520.0E-06,+2.5625000E+00,+2.6437500E+00,+2.9937501E+00
-510.0E-06,+2.0625000E+00,+2.8312500E+00,+3.0250001E+00
-500.0E-06,+1.7187500E+00,+2.8000000E+00,+2.8687501E+00
-490.0E-06,+1.5625000E+00,+2.8000000E+00,+2.6187501E+00
-480.0E-06,+1.5625000E+00,+2.6750000E+00,+2.3375001E+00
-470.0E-06,+1.8125000E+00,+2.4562500E+00,+2.0875001E+00
-460.0E-06,+2.1875000E+00,+2.2687500E+00,+1.9312501E+00
-450.0E-06,+2.6250000E+00,+2.0812500E+00,+1.8687501E+00
-440.0E-06,+3.0000000E+00,+2.0500000E+00,+1.9625001E+00
-430.0E-06,+3.2500000E+00,+2.0500000E+00,+2.1812501E+00
-420.0E-06,+3.3125000E+00,+2.1437500E+00,+2.4625001E+00
-410.0E-06,+3.0937500E+00,+2.3625000E+00,+2.6812501E+00
-400.0E-06,+2.7500000E+00,+2.5812500E+00,+2.9000001E+00
-390.0E-06,+2.3125000E+00,+2.7062500E+00,+2.9937501E+00
-380.0E-06,+1.9062500E+00,+2.8000000E+00,+2.9625001E+00
-370.0E-06,+1.6250000E+00,+2.8312500E+00,+2.7437501E+00
-360.0E-06,+1.5312500E+00,+2.7375000E+00,+2.4937501E+00
-350.0E-06,+1.6250000E+00,+2.5812500E+00,+2.2125001E+00
-340.0E-06,+1.9687500E+00,+2.3625000E+00,+2.0250001E+00
-330.0E-06,+2.3750000E+00,+2.2062500E+00,+1.9312501E+00
-320.0E-06,+2.8437500E+00,+2.0812500E+00,+1.9000001E+00
-310.0E-06,+3.1875000E+00,+2.0187500E+00,+2.0875001E+00
-300.0E-06,+3.2812500E+00,+2.1125000E+00,+2.2750001E+00
-290.0E-06,+3.2500000E+00,+2.2687500E+00,+2.6187501E+00
-280.0E-06,+2.9375000E+00,+2.4250000E+00,+2.8375001E+00
-270.0E-06,+2.5625000E+00,+2.6437500E+00,+2.9625001E+00
-260.0E-06,+2.1250000E+00,+2.7687500E+00,+2.9937501E+00
-250.0E-06,+1.7500000E+00,+2.8312500E+00,+2.8687501E+00
-240.0E-06,+1.5312500E+00,+2.7687500E+00,+2.6500001E+00
-230.0E-06,+1.5625000E+00,+2.6437500E+00,+2.3375001E+00
-220.0E-06,+1.8125000E+00,+2.5187500E+00,+2.0875001E+00
-210.0E-06,+2.1875000E+00,+2.2687500E+00,+1.9312501E+00
-200.0E-06,+2.5937500E+00,+2.1437500E+00,+1.9312501E+00
-190.0E-06,+3.0312500E+00,+2.0500000E+00,+1.9625001E+00
-180.0E-06,+3.2812500E+00,+2.0500000E+00,+2.2125001E+00
-170.0E-06,+3.2812500E+00,+2.1750000E+00,+2.4625001E+00
-160.0E-06,+3.1250000E+00,+2.3625000E+00,+2.7125001E+00
-150.0E-06,+2.7187500E+00,+2.5500000E+00,+2.9000001E+00
-140.0E-06,+2.3125000E+00,+2.7375000E+00,+2.9937501E+00
-130.0E-06,+1.8437500E+00,+2.8312500E+00,+2.9312501E+00
-120.0E-06,+1.5937500E+00,+2.8000000E+00,+2.7437501E+00
-110.0E-06,+1.5000000E+00,+2.7062500E+00,+2.4937501E+00
-100.0E-06,+1.7187500E+00,+2.5500000E+00,+2.2125001E+00
-90.0E-06,+2.0312500E+00,+2.3625000E+00,+1.9937501E+00
-80.0E-06,+2.4687500E+00,+2.1750000E+00,+1.9312501E+00
-70.0E-06,+2.9062500E+00,+2.0500000E+00,+1.9312501E+00
-60.0E-06,+3.2187500E+00,+2.0500000E+00,+2.1187501E+00
-50.0E-06,+3.3125000E+00,+2.1437500E+00,+2.4000001E+00
-40.0E-06,+3.1562500E+00,+2.2687500E+00,+2.6187501E+00
-30.0E-06,+2.9062500E+00,+2.5187500E+00,+2.8687501E+00
-20.0E-06,+2.4375000E+00,+2.6750000E+00,+2.9625001E+00
-10.0E-06,+2.0000000E+00,+2.7687500E+00,+2.9312501E+00
-0.0E+00,+1.6562500E+00,+2.8000000E+00,+2.7750001E+00
+10.0E-06,+1.5000000E+00,+2.7375000E+00,+2.5250001E+00
+20.0E-06,+1.6250000E+00,+2.5812500E+00,+2.2750001E+00
+30.0E-06,+1.9375000E+00,+2.3937500E+00,+2.0250001E+00
+40.0E-06,+2.3437500E+00,+2.2062500E+00,+1.9312501E+00
+50.0E-06,+2.7812500E+00,+2.0812500E+00,+1.9000001E+00
+60.0E-06,+3.1250000E+00,+2.0812500E+00,+2.0562501E+00
+70.0E-06,+3.3125000E+00,+2.1437500E+00,+2.2750001E+00
+80.0E-06,+3.2187500E+00,+2.2687500E+00,+2.5875001E+00
+90.0E-06,+2.9687500E+00,+2.4250000E+00,+2.8062501E+00
+100.0E-06,+2.5625000E+00,+2.6125000E+00,+2.9625001E+00
+110.0E-06,+2.0937500E+00,+2.7687500E+00,+2.9625001E+00
+120.0E-06,+1.7187500E+00,+2.8625000E+00,+2.8687501E+00
+130.0E-06,+1.5625000E+00,+2.7687500E+00,+2.6187501E+00
+140.0E-06,+1.5937500E+00,+2.6125000E+00,+2.3375001E+00
+150.0E-06,+1.8437500E+00,+2.4562500E+00,+2.0875001E+00
+160.0E-06,+2.2500000E+00,+2.2375000E+00,+1.9625001E+00
+170.0E-06,+2.6875000E+00,+2.0812500E+00,+1.9312501E+00
+180.0E-06,+3.0937500E+00,+2.0500000E+00,+2.0250001E+00
+190.0E-06,+3.2812500E+00,+2.1125000E+00,+2.2750001E+00
+200.0E-06,+3.2500000E+00,+2.2375000E+00,+2.5250001E+00
+210.0E-06,+3.0312500E+00,+2.4250000E+00,+2.7750001E+00
+220.0E-06,+2.6250000E+00,+2.5812500E+00,+2.9000001E+00
+230.0E-06,+2.1875000E+00,+2.7375000E+00,+2.9625001E+00
+240.0E-06,+1.7812500E+00,+2.8000000E+00,+2.8687501E+00
+250.0E-06,+1.5312500E+00,+2.7687500E+00,+2.6812501E+00
+260.0E-06,+1.5312500E+00,+2.6750000E+00,+2.3687501E+00
+270.0E-06,+1.7500000E+00,+2.4875000E+00,+2.1187501E+00
+280.0E-06,+2.1875000E+00,+2.3000000E+00,+1.9625001E+00
+290.0E-06,+2.6250000E+00,+2.1437500E+00,+1.9000001E+00
+300.0E-06,+3.0312500E+00,+2.0500000E+00,+2.0250001E+00
+310.0E-06,+3.2187500E+00,+2.0812500E+00,+2.2125001E+00
+320.0E-06,+3.3125000E+00,+2.1750000E+00,+2.4625001E+00
+330.0E-06,+3.0625000E+00,+2.3625000E+00,+2.7437501E+00
+340.0E-06,+2.6562500E+00,+2.5500000E+00,+2.9312501E+00
+350.0E-06,+2.2187500E+00,+2.6750000E+00,+2.9312501E+00
+360.0E-06,+1.8125000E+00,+2.7687500E+00,+2.8687501E+00
+370.0E-06,+1.5625000E+00,+2.7687500E+00,+2.6812501E+00
+380.0E-06,+1.5625000E+00,+2.6750000E+00,+2.4312501E+00
+390.0E-06,+1.7812500E+00,+2.5500000E+00,+2.1500001E+00
+400.0E-06,+2.1562500E+00,+2.3312500E+00,+1.9937501E+00
+410.0E-06,+2.5625000E+00,+2.1750000E+00,+1.9312501E+00
+420.0E-06,+2.9687500E+00,+2.0812500E+00,+2.0250001E+00
+430.0E-06,+3.2500000E+00,+2.0812500E+00,+2.2125001E+00
+440.0E-06,+3.2812500E+00,+2.2062500E+00,+2.4625001E+00
+450.0E-06,+3.0937500E+00,+2.3625000E+00,+2.7437501E+00
+460.0E-06,+2.7187500E+00,+2.5812500E+00,+2.9312501E+00
+470.0E-06,+2.2187500E+00,+2.7062500E+00,+2.9625001E+00
+480.0E-06,+1.8437500E+00,+2.8000000E+00,+2.8687501E+00
+490.0E-06,+1.5937500E+00,+2.7687500E+00,+2.6500001E+00
+500.0E-06,+1.5625000E+00,+2.6750000E+00,+2.4625001E+00
+510.0E-06,+1.7500000E+00,+2.5187500E+00,+2.1500001E+00
+520.0E-06,+2.1250000E+00,+2.3000000E+00,+1.9625001E+00
+530.0E-06,+2.5625000E+00,+2.1437500E+00,+1.9312501E+00
+540.0E-06,+3.0000000E+00,+2.0812500E+00,+1.9937501E+00
+550.0E-06,+3.2500000E+00,+2.1125000E+00,+2.2125001E+00
+560.0E-06,+3.2812500E+00,+2.1750000E+00,+2.4625001E+00
+570.0E-06,+3.0625000E+00,+2.3625000E+00,+2.7437501E+00
+580.0E-06,+2.6562500E+00,+2.5812500E+00,+2.8687501E+00
+590.0E-06,+2.2812500E+00,+2.7062500E+00,+2.9625001E+00
+600.0E-06,+1.8437500E+00,+2.8000000E+00,+2.9000001E+00
+610.0E-06,+1.5625000E+00,+2.7687500E+00,+2.6812501E+00
+620.0E-06,+1.5312500E+00,+2.6750000E+00,+2.4312501E+00
+630.0E-06,+1.7812500E+00,+2.4875000E+00,+2.1812501E+00
+640.0E-06,+2.1562500E+00,+2.3000000E+00,+1.9937501E+00
+650.0E-06,+2.6562500E+00,+2.1750000E+00,+1.9625001E+00
+660.0E-06,+3.0000000E+00,+2.0812500E+00,+2.0250001E+00
+670.0E-06,+3.2812500E+00,+2.1125000E+00,+2.2125001E+00
+680.0E-06,+3.2500000E+00,+2.2062500E+00,+2.4625001E+00
+690.0E-06,+3.0312500E+00,+2.3625000E+00,+2.7437501E+00
+700.0E-06,+2.6562500E+00,+2.5812500E+00,+2.9000001E+00
+710.0E-06,+2.1875000E+00,+2.7062500E+00,+2.9312501E+00
+720.0E-06,+1.7812500E+00,+2.8000000E+00,+2.8375001E+00
+730.0E-06,+1.5625000E+00,+2.7687500E+00,+2.6812501E+00
+740.0E-06,+1.5312500E+00,+2.6437500E+00,+2.3687501E+00
+750.0E-06,+1.7812500E+00,+2.4875000E+00,+2.1500001E+00
+760.0E-06,+2.2187500E+00,+2.3000000E+00,+1.9625001E+00
+770.0E-06,+2.6875000E+00,+2.1437500E+00,+1.9312501E+00
+780.0E-06,+3.1250000E+00,+2.0500000E+00,+2.0250001E+00
+790.0E-06,+3.3125000E+00,+2.1125000E+00,+2.2750001E+00
+800.0E-06,+3.2500000E+00,+2.2375000E+00,+2.5250001E+00
+810.0E-06,+3.0000000E+00,+2.4250000E+00,+2.7750001E+00
+820.0E-06,+2.5625000E+00,+2.5812500E+00,+2.9000001E+00
+830.0E-06,+2.0937500E+00,+2.7062500E+00,+2.9312501E+00
+840.0E-06,+1.7187500E+00,+2.8000000E+00,+2.8375001E+00
+850.0E-06,+1.5312500E+00,+2.7375000E+00,+2.5875001E+00
+860.0E-06,+1.6250000E+00,+2.6125000E+00,+2.3687501E+00
+870.0E-06,+1.8437500E+00,+2.4250000E+00,+2.1187501E+00
+880.0E-06,+2.2812500E+00,+2.2687500E+00,+1.9937501E+00
+890.0E-06,+2.7500000E+00,+2.1437500E+00,+1.9625001E+00
+900.0E-06,+3.1250000E+00,+2.0812500E+00,+2.0875001E+00
+910.0E-06,+3.2812500E+00,+2.1125000E+00,+2.3062501E+00
+920.0E-06,+3.2187500E+00,+2.3000000E+00,+2.5562501E+00
+930.0E-06,+2.9062500E+00,+2.3937500E+00,+2.8062501E+00
+940.0E-06,+2.4687500E+00,+2.6125000E+00,+2.9312501E+00
+950.0E-06,+2.0000000E+00,+2.7375000E+00,+2.9312501E+00
+960.0E-06,+1.6875000E+00,+2.7687500E+00,+2.7750001E+00
+970.0E-06,+1.5000000E+00,+2.7062500E+00,+2.5250001E+00
+980.0E-06,+1.6562500E+00,+2.5500000E+00,+2.3062501E+00
+990.0E-06,+1.9687500E+00,+2.4250000E+00,+2.0562501E+00
+1.0000E-03,+2.4062500E+00,+2.2375000E+00,+1.9312501E+00
+1.0100E-03,+2.9062500E+00,+2.1125000E+00,+1.9937501E+00
+1.0200E-03,+3.1875000E+00,+2.0812500E+00,+2.1187501E+00
+1.0300E-03,+3.3437500E+00,+2.1437500E+00,+2.4000001E+00
+1.0400E-03,+3.1875000E+00,+2.3000000E+00,+2.6187501E+00
+1.0500E-03,+2.7812500E+00,+2.4562500E+00,+2.8375001E+00
+1.0600E-03,+2.3437500E+00,+2.6437500E+00,+2.9312501E+00
+1.0700E-03,+1.9062500E+00,+2.7687500E+00,+2.9000001E+00
+1.0800E-03,+1.5937500E+00,+2.7375000E+00,+2.7125001E+00
+1.0900E-03,+1.5000000E+00,+2.7062500E+00,+2.4312501E+00
+1.1000E-03,+1.6875000E+00,+2.5500000E+00,+2.2125001E+00
+1.1100E-03,+2.0625000E+00,+2.3625000E+00,+2.0250001E+00
+1.1200E-03,+2.5937500E+00,+2.1750000E+00,+1.9625001E+00
+1.1300E-03,+3.0000000E+00,+2.1125000E+00,+1.9937501E+00
+1.1400E-03,+3.2187500E+00,+2.0812500E+00,+2.2125001E+00
+1.1500E-03,+3.2812500E+00,+2.1750000E+00,+2.4937501E+00
+1.1600E-03,+3.0625000E+00,+2.3625000E+00,+2.6812501E+00
+1.1700E-03,+2.7187500E+00,+2.5500000E+00,+2.9000001E+00
+1.1800E-03,+2.2187500E+00,+2.7062500E+00,+2.9312501E+00
+1.1900E-03,+1.8125000E+00,+2.8000000E+00,+2.8375001E+00
+1.2000E-03,+1.5312500E+00,+2.7375000E+00,+2.6187501E+00
+1.2100E-03,+1.5625000E+00,+2.6437500E+00,+2.3687501E+00
+1.2200E-03,+1.8437500E+00,+2.4875000E+00,+2.1500001E+00
+1.2300E-03,+2.2500000E+00,+2.3000000E+00,+1.9937501E+00
+1.2400E-03,+2.7187500E+00,+2.1437500E+00,+1.9625001E+00
+1.2500E-03,+3.0937500E+00,+2.1125000E+00,+2.0562501E+00
+1.2600E-03,+3.2812500E+00,+2.1437500E+00,+2.3062501E+00
+1.2700E-03,+3.2187500E+00,+2.2687500E+00,+2.5562501E+00
+1.2800E-03,+2.9375000E+00,+2.4562500E+00,+2.7750001E+00
+1.2900E-03,+2.5000000E+00,+2.5812500E+00,+2.9000001E+00
+1.3000E-03,+2.0312500E+00,+2.7062500E+00,+2.8687501E+00
+1.3100E-03,+1.6562500E+00,+2.7687500E+00,+2.7750001E+00
+1.3200E-03,+1.5312500E+00,+2.7375000E+00,+2.5250001E+00
+1.3300E-03,+1.6250000E+00,+2.5812500E+00,+2.2750001E+00
+1.3400E-03,+1.9687500E+00,+2.4250000E+00,+2.0562501E+00
+1.3500E-03,+2.4375000E+00,+2.2375000E+00,+1.9625001E+00
+1.3600E-03,+2.8750000E+00,+2.1437500E+00,+1.9937501E+00
+1.3700E-03,+3.2500000E+00,+2.1125000E+00,+2.1812501E+00
+1.3800E-03,+3.2812500E+00,+2.1750000E+00,+2.4312501E+00
+1.3900E-03,+3.1250000E+00,+2.3312500E+00,+2.6187501E+00
+1.4000E-03,+2.7500000E+00,+2.5187500E+00,+2.8375001E+00
+1.4100E-03,+2.2812500E+00,+2.6437500E+00,+2.9000001E+00
+1.4200E-03,+1.8750000E+00,+2.7687500E+00,+2.8375001E+00
+1.4300E-03,+1.5625000E+00,+2.7375000E+00,+2.6500001E+00
+1.4400E-03,+1.5312500E+00,+2.6750000E+00,+2.4312501E+00
+1.4500E-03,+1.7812500E+00,+2.4875000E+00,+2.1812501E+00
+1.4600E-03,+2.1562500E+00,+2.3312500E+00,+2.0250001E+00
+1.4700E-03,+2.6875000E+00,+2.1750000E+00,+1.9625001E+00
+1.4800E-03,+3.0625000E+00,+2.1125000E+00,+2.0875001E+00
+1.4900E-03,+3.2500000E+00,+2.1125000E+00,+2.2750001E+00
+1.5000E-03,+3.2500000E+00,+2.2687500E+00,+2.4937501E+00
+1.5100E-03,+3.0000000E+00,+2.3937500E+00,+2.7437501E+00
+1.5200E-03,+2.5625000E+00,+2.5812500E+00,+2.9000001E+00
+1.5300E-03,+2.0625000E+00,+2.7375000E+00,+2.9000001E+00
+1.5400E-03,+1.6875000E+00,+2.7375000E+00,+2.7750001E+00
+1.5500E-03,+1.5312500E+00,+2.7062500E+00,+2.5562501E+00
+1.5600E-03,+1.5937500E+00,+2.5812500E+00,+2.3062501E+00
+1.5700E-03,+1.9375000E+00,+2.4250000E+00,+2.0875001E+00
+1.5800E-03,+2.4687500E+00,+2.2062500E+00,+1.9625001E+00
+1.5900E-03,+2.8750000E+00,+2.1437500E+00,+1.9937501E+00
+1.6000E-03,+3.2500000E+00,+2.1125000E+00,+2.1812501E+00
+1.6100E-03,+3.3125000E+00,+2.1750000E+00,+2.3687501E+00
+1.6200E-03,+3.1250000E+00,+2.3312500E+00,+2.6812501E+00
+1.6300E-03,+2.7187500E+00,+2.4875000E+00,+2.8375001E+00
+1.6400E-03,+2.2500000E+00,+2.6750000E+00,+2.9000001E+00
+1.6500E-03,+1.8437500E+00,+2.7062500E+00,+2.8062501E+00
+1.6600E-03,+1.5312500E+00,+2.7375000E+00,+2.6500001E+00
+1.6700E-03,+1.5312500E+00,+2.6750000E+00,+2.4000001E+00
+1.6800E-03,+1.8125000E+00,+2.4875000E+00,+2.1812501E+00
+1.6900E-03,+2.2187500E+00,+2.3312500E+00,+1.9625001E+00
+1.7000E-03,+2.7187500E+00,+2.1750000E+00,+1.9937501E+00
+1.7100E-03,+3.0937500E+00,+2.1125000E+00,+2.0875001E+00
+1.7200E-03,+3.3125000E+00,+2.1437500E+00,+2.3062501E+00
+1.7300E-03,+3.2500000E+00,+2.2375000E+00,+2.5250001E+00
+1.7400E-03,+2.9062500E+00,+2.4250000E+00,+2.7750001E+00
+1.7500E-03,+2.5000000E+00,+2.5812500E+00,+2.9000001E+00
+1.7600E-03,+2.0000000E+00,+2.7375000E+00,+2.8687501E+00
+1.7700E-03,+1.6562500E+00,+2.7375000E+00,+2.7437501E+00
+1.7800E-03,+1.5312500E+00,+2.7062500E+00,+2.4937501E+00
+1.7900E-03,+1.6562500E+00,+2.5500000E+00,+2.2750001E+00
+1.8000E-03,+2.0937500E+00,+2.3625000E+00,+2.0875001E+00
+1.8100E-03,+2.5000000E+00,+2.2375000E+00,+1.9937501E+00
+1.8200E-03,+2.9687500E+00,+2.1437500E+00,+2.0250001E+00
+1.8300E-03,+3.2500000E+00,+2.1125000E+00,+2.1812501E+00
+1.8400E-03,+3.2812500E+00,+2.2062500E+00,+2.4625001E+00
+1.8500E-03,+3.0937500E+00,+2.3625000E+00,+2.7125001E+00
+1.8600E-03,+2.6250000E+00,+2.5500000E+00,+2.8687501E+00
+1.8700E-03,+2.1562500E+00,+2.6750000E+00,+2.9000001E+00
+1.8800E-03,+1.7187500E+00,+2.7375000E+00,+2.8062501E+00
+1.8900E-03,+1.5312500E+00,+2.7687500E+00,+2.5875001E+00
+1.9000E-03,+1.5625000E+00,+2.6125000E+00,+2.3687501E+00
+1.9100E-03,+1.8750000E+00,+2.4250000E+00,+2.1187501E+00
+1.9200E-03,+2.2812500E+00,+2.2687500E+00,+1.9937501E+00
+1.9300E-03,+2.8437500E+00,+2.1437500E+00,+1.9937501E+00
+1.9400E-03,+3.1875000E+00,+2.1437500E+00,+2.1187501E+00
+1.9500E-03,+3.3125000E+00,+2.2062500E+00,+2.3687501E+00
+1.9600E-03,+3.1562500E+00,+2.3000000E+00,+2.6187501E+00
+1.9700E-03,+2.8125000E+00,+2.4875000E+00,+2.8062501E+00
+1.9800E-03,+2.3125000E+00,+2.6750000E+00,+2.9000001E+00
+1.9900E-03,+1.8750000E+00,+2.7375000E+00,+2.8375001E+00
+2.0000E-03,+1.5625000E+00,+2.7687500E+00,+2.6500001E+00
+2.0100E-03,+1.5312500E+00,+2.6437500E+00,+2.4000001E+00
+2.0200E-03,+1.7500000E+00,+2.5187500E+00,+2.1500001E+00
+2.0300E-03,+2.2187500E+00,+2.3312500E+00,+1.9937501E+00
+2.0400E-03,+2.6875000E+00,+2.2062500E+00,+1.9937501E+00
+2.0500E-03,+3.1250000E+00,+2.1125000E+00,+2.0875001E+00
+2.0600E-03,+3.3125000E+00,+2.1437500E+00,+2.3062501E+00
+2.0700E-03,+3.2187500E+00,+2.2375000E+00,+2.5250001E+00
+2.0800E-03,+2.9062500E+00,+2.4250000E+00,+2.7750001E+00
+2.0900E-03,+2.5000000E+00,+2.6125000E+00,+2.8687501E+00
+2.1000E-03,+1.9375000E+00,+2.7062500E+00,+2.8687501E+00
+2.1100E-03,+1.5625000E+00,+2.7687500E+00,+2.7125001E+00
+2.1200E-03,+1.5312500E+00,+2.6437500E+00,+2.4937501E+00
+2.1300E-03,+1.6875000E+00,+2.5500000E+00,+2.2437501E+00
+2.1400E-03,+2.0937500E+00,+2.3625000E+00,+2.0562501E+00
+2.1500E-03,+2.5937500E+00,+2.2062500E+00,+2.0250001E+00
+2.1600E-03,+3.0312500E+00,+2.1125000E+00,+2.0562501E+00
+2.1700E-03,+3.2500000E+00,+2.1437500E+00,+2.2125001E+00
+2.1800E-03,+3.2500000E+00,+2.2375000E+00,+2.4937501E+00
+2.1900E-03,+3.0000000E+00,+2.3937500E+00,+2.7437501E+00
+2.2000E-03,+2.5625000E+00,+2.5812500E+00,+2.9000001E+00
+2.2100E-03,+2.0625000E+00,+2.7062500E+00,+2.8375001E+00
+2.2200E-03,+1.6875000E+00,+2.7375000E+00,+2.7750001E+00
+2.2300E-03,+1.5625000E+00,+2.6750000E+00,+2.5250001E+00
+2.2400E-03,+1.6562500E+00,+2.5812500E+00,+2.2750001E+00
+2.2500E-03,+2.0000000E+00,+2.4250000E+00,+2.0875001E+00
+2.2600E-03,+2.5000000E+00,+2.2375000E+00,+1.9937501E+00
+2.2700E-03,+2.9375000E+00,+2.1437500E+00,+2.0562501E+00
+2.2800E-03,+3.2500000E+00,+2.1125000E+00,+2.2125001E+00
+2.2900E-03,+3.2812500E+00,+2.1750000E+00,+2.4625001E+00
+2.3000E-03,+3.0625000E+00,+2.3937500E+00,+2.6812501E+00
+2.3100E-03,+2.6562500E+00,+2.5500000E+00,+2.8375001E+00
+2.3200E-03,+2.1250000E+00,+2.7062500E+00,+2.9000001E+00
+2.3300E-03,+1.7500000E+00,+2.7687500E+00,+2.7750001E+00
+2.3400E-03,+1.5625000E+00,+2.7062500E+00,+2.6187501E+00
+2.3500E-03,+1.6250000E+00,+2.6125000E+00,+2.3062501E+00
+2.3600E-03,+1.9375000E+00,+2.4562500E+00,+2.1187501E+00
+2.3700E-03,+2.4062500E+00,+2.2687500E+00,+2.0250001E+00
